route_ref,route_name,stop_id,stop_code,stop_name,stop_seq,direction,lon,lat
R-9605,URBANITO,1OBE_PPE,1OBE_PPE,AV OSCAR BENAVIDES-PUENTE PEAT,2,,-77.074233,-12.049631
R-9605,URBANITO,1OBE_ARR,1OBE_ARR,AV OSCAR BENAVIDES-AV. ARRIETA,3,,-77.072136,-12.04947
R-9605,URBANITO,1OBE_LBR,1OBE_LBR,AV OSCAR BENAVIDES-LUIS BRAILE,4,,-77.067361,-12.04892
R-9605,URBANITO,1OBE_NDU,1OBE_NDU,AV OSCAR BENAVIDES-AV. NICOLAS,5,,-77.065027,-12.048702
R-9605,URBANITO,1OBE_NUN,1OBE_NUN,AV OSCAR BENAVIDES-NACIONES UN,6,,-77.059484,-12.048137
R-9605,URBANITO,1OBE_TMA,1OBE_TMA,AV OSCAR BENAVIDES-TINGO MARIA,7,,-77.054044,-12.047608
R-9605,URBANITO,1OBE_CAR,1OBE_CAR,AV OSCAR BENAVIDES-CARCAMO,8,,-77.050727,-12.047241
R-9605,URBANITO,1OBE_PAC,1OBE_PAC,AV OSCAR BENAVIDES-PASCAMAYO,9,,-77.046805,-12.046833
R-9605,URBANITO,1OBE_HUA,1OBE_HUA,AV OSCAR BENAVIDES-HUAROCHIRI,10,,-77.044178,-12.04659
R-9605,URBANITO,1OBE_P2M,1OBE_P2M,PLAZA 2 DE MAYO,11,,-77.043275,-12.046501
R-9605,URBANITO,1NPI_CAÑ,1NPI_CAÑ,NICOLAS DE PIEROLA-CAÑETE,12,,-77.041019,-12.047559
R-9605,URBANITO,1NPI_TAC,1NPI_TAC,NICOLAS DE PIEROLA-TACNA,13,,-77.039093,-12.048805
R-9605,URBANITO,1NPI_CAM,1NPI_CAM,NICOLA DE PIEROLA-CAMANA,14,,-77.036107,-12.050774
R-9605,URBANITO,1NPI_PSM,1NPI_PSM,NICOLAS DE PIEROLA - PLAZA SAN,15,,-77.03526,-12.051295
R-9605,URBANITO,1NPI_LAM,1NPI_LAM,NICOLAS DE PIEROLA-LAMPA,16,,-77.033047,-12.052729
R-9605,URBANITO,1NPI_ABA,1NPI_ABA,NICOLAS DE PIEROLA-ABANCAY,17,,-77.030406,-12.054472
R-9605,URBANITO,1NPI_AND,1NPI_AND,NICOLAS DE PIEROLA-ANDAHUAYLAS,18,,-77.026839,-12.056777
R-9605,URBANITO,1NPI_GRA,1NPI_GRA,NICOLAS DE PIEROLA-AV GRAU,19,,-77.024667,-12.058194
R-9605,URBANITO,R-9605_S20,,AV. GRAU/HOSPITAL,20,,-77.0222,-12.05827
R-9605,URBANITO,R-9605_S21,,AV. GRAU-LUCANAS,21,,-77.019603,-12.057919
R-9605,URBANITO,R-9605_S22,,LUCANAS-28 DE JULIO,22,,-77.018976,-12.061769
R-9605,URBANITO,R-9605_S23,,LUCANAS-BAUZATE Y MEZA,23,,-77.01872,-12.06323
R-9605,URBANITO,1BME_PAR,1BME_PAR,BAUSATE Y MEZA-PARINACOCHAS,24,,-77.017836,-12.063099
R-9605,URBANITO,R-9605_S25,,BAUZATE Y MEZA-LUIS GIRIVALDI,25,,-77.016856,-12.062961
R-9605,URBANITO,R-9605_S26,,BAUZATE Y MEZA-HUANUCO,26,,-77.015469,-12.062777
R-9605,URBANITO,R-9605_S27,,PROLONGACION HUANUCO-28 DE JULIO,27,,-77.015515,-12.061425
R-9605,URBANITO,R-9605_S27-2,,PROLONGACION HUANUCO-28 DE JULIO,27,,-77.015694,-12.060947
R-9605,URBANITO,2PHU_GNA,2PHU_GNA,PROLONGACION HUANUCO-JR. GARCI,28,,-77.016004,-12.060119
R-9605,URBANITO,2PHU_GRA,2PHU_GRA,PROLONGACION HUANUCO-AV GRAU,29,,-77.017345,-12.057664
R-9605,URBANITO,2GRA_ABT,2GRA_ABT,AV GRAU-JIRON APTAO,30,,-77.023177,-12.058036
R-9605,URBANITO,2NPI_AND,2NPI_AND,NICOLAS DE PIEROLA-JR ANDAHUAI,31,,-77.026773,-12.056693
R-9605,URBANITO,2NPI_ABA,2NPI_ABA,NICOLAS DE PIEROLA-AV. ABANCAY,32,,-77.029848,-12.054677
R-9605,URBANITO,2NPI_LAM,2NPI_LAM,NICOLAS DE PIEROLA-JR LAMPA,33,,-77.032901,-12.052694
R-9605,URBANITO,2NPI_PSM,2NPI_PSM,NICOLAS DE PIEROLA-PLAZA SAN M,34,,-77.033906,-12.051988
R-9605,URBANITO,2NPI_TAC,2NPI_TAC,NICOLAS DE PIEROLA-TACNA,36,,-77.038814,-12.048817
R-9605,URBANITO,2NPI_CAÑ,2NPI_CAÑ,NICOLAS DE PIEROLA-JR CAÑETE,37,,-77.040887,-12.047499
R-9605,URBANITO,2OBE_P2M,2OBE_P2M,PLAZA DOS DE MAYO,38,,-77.04222,-12.046648
R-9605,URBANITO,2OBE_HUA,2OBE_HUA,AV OSCAR BENAVIDES-HUAROCHIRI,39,,-77.044013,-12.046393
R-9605,URBANITO,2OBE_PAC,2OBE_PAC,AV OSCAR BENAVIDES-PASCAMAYO,40,,-77.04672,-12.046678
R-9605,URBANITO,2OBE_CAR,2OBE_CAR,AV OSCAR BENAVIDES-CARCAMO,41,,-77.050562,-12.047086
R-9605,URBANITO,2OBE_TMA,2OBE_TMA,AV OSCAR BENAVIDES-TINGO MARIA,42,,-77.053618,-12.047398
R-9605,URBANITO,2OBE_NUN,2OBE_NUN,AV OSCAR BENAVIDES-NACIONES UN,43,,-77.059263,-12.04798
R-9605,URBANITO,2OBE_NDU,2OBE_NDU,AV OSCAR BENAVIDES-AV. NICOLAS,44,,-77.064794,-12.048534
R-9605,URBANITO,2OBE_LBR,2OBE_LBR,AV OSCAR BENAVIDES-LUIS BRAILE,45,,-77.067158,-12.048667
R-9605,URBANITO,2OBE_ARR,2OBE_ARR,AV OSCAR BENAVIDES-AV. ARRIETA,46,,-77.071964,-12.049271
R-9605,URBANITO,2OBE_PPE,2OBE_PPE,AV OSCAR BENAVIDES-PUENTE PEAT,47,,-77.074575,-12.049531
R-9605,URBANITO,2OBE_UNI,2OBE_UNI,AV OSCAR BENAVIDES-AV. UNIVERS,48,,-77.077893,-12.049846
R-IO66,LA 50,R-IO66_IDA_S2,,CUATRO DE MOTUPE(CENTRAL),2,IDA,-76.974438,-11.940978
R-IO66,LA 50,R-IO66_IDA_S3,,SIETE DE MARISCAL,3,IDA,-76.97788,-11.946043
R-IO66,LA 50,R-IO66_IDA_S4,,CINCO DE MARISCAL,4,IDA,-76.980661,-11.949948
R-IO66,LA 50,R-IO66_IDA_S5,,CURVA DE LA CENTRAL,5,IDA,-76.983196,-11.953573
R-IO66,LA 50,R-IO66_IDA_S6,,CANTERAS,6,IDA,-76.983659,-11.958002
R-IO66,LA 50,R-IO66_IDA_S7,,MERCADO DE 1 DE SETIEMBRE,7,IDA,-76.984029,-11.960392
R-IO66,LA 50,R-IO66_IDA_S8,,14 LA CENTRAL,8,IDA,-76.988248,-11.966358
R-IO66,LA 50,R-IO66_IDA_S9,,SOCIOLOGOS,9,IDA,-76.990466,-11.969358
R-IO66,LA 50,R-IO66_IDA_S10,,SANTA ROSA DE LIMA,10,IDA,-76.992157,-11.970911
R-IO66,LA 50,R-IO66_IDA_S11,,SAN MARTIN,11,IDA,-76.991877,-11.97859
R-IO66,LA 50,R-IO66_IDA_S12,,LOS COCALENOS,12,IDA,-76.992611,-11.981659
R-IO66,LA 50,R-IO66_IDA_S13,,EL BOSQUE,13,IDA,-76.996112,-11.987724
R-IO66,LA 50,R-IO66_IDA_S14,,PENAL,14,IDA,-76.998667,-11.988989
R-IO66,LA 50,R-IO66_IDA_S15,,LOS POSTES,15,IDA,-77.000737,-11.995882
R-IO66,LA 50,R-IO66_IDA_S16,,LOS JARDINES,16,IDA,-76.999285,-12.00237
R-IO66,LA 50,R-IO66_IDA_S17,,LOS TUSILAGOS,17,IDA,-76.997097,-12.010593
R-IO66,LA 50,R-IO66_IDA_S18,,13 DE ENERO,18,IDA,-76.9985,-12.011652
R-IO66,LA 50,R-IO66_IDA_S19,,LURIGANCHO,19,IDA,-76.997275,-12.01653
R-IO66,LA 50,R-IO66_IDA_S20,,PIRAMIDE DEL SOL,20,IDA,-77.001602,-12.017795
R-IO66,LA 50,R-IO66_IDA_S21,,CHIMÚ,21,IDA,-77.002052,-12.025022
R-IO66,LA 50,R-IO66_IDA_S22,,PUENTE NUEVO,22,IDA,-77.000377,-12.029441
R-IO66,LA 50,R-IO66_IDA_S23,,LOS ALHELIES,23,IDA,-76.998981,-12.032212
R-IO66,LA 50,R-IO66_IDA_S24,,TOTTUS,24,IDA,-77.000619,-12.040819
R-IO66,LA 50,R-IO66_IDA_S25,,CEMENTERIO PRESBITERO MAESTRO,25,IDA,-77.006933,-12.042341
R-IO66,LA 50,R-IO66_IDA_S26,,ESTACION GRAU,26,IDA,-77.013108,-12.05396
R-IO66,LA 50,R-IO66_IDA_S27,,HUANUCO,27,IDA,-77.017182,-12.057399
R-IO66,LA 50,R-IO66_IDA_S28,,ANDAHUAYLAS,28,IDA,-77.026447,-12.058568
R-IO66,LA 50,R-IO66_IDA_S29,,ABANCAY,29,IDA,-77.030332,-12.059096
R-IO66,LA 50,R-IO66_IDA_S30,,COLON WILSON,30,IDA,-77.03743,-12.059749
R-IO66,LA 50,R-IO66_IDA_S31,,ALFONSO UGARTE(URUGUAY),31,IDA,-77.041765,-12.054419
R-IO66,LA 50,R-IO66_IDA_S32,,MANTARO,32,IDA,-77.055943,-12.055522
R-IO66,LA 50,R-IO66_IDA_S33,,TINGO MARIA,33,IDA,-77.057345,-12.055557
R-IO66,LA 50,R-IO66_IDA_S34,,DONOFRIO,34,IDA,-77.068248,-12.057645
R-IO66,LA 50,R-IO66_IDA_S35,,UNIVERSITARIA,35,IDA,-77.075301,-12.05915
R-IO66,LA 50,R-IO66_IDA_S36,,SAN MARCOS,36,IDA,-77.085796,-12.061287
R-IO66,LA 50,R-IO66_IDA_S37,,FAUCETT,37,IDA,-77.096707,-12.062268
R-IO66,LA 50,R-IO66_IDA_S38,,AZTETE,38,IDA,-77.103809,-12.063032
R-IO66,LA 50,R-IO66_IDA_S39,,BOYA,39,IDA,-77.10805,-12.063173
R-IO66,LA 50,R-IO66_IDA_S40,,OVALO LA PERLA,40,IDA,-77.118053,-12.065072
R-IO66,LA 50,R-IO66_IDA_S41,,SABOGAL,41,IDA,-77.122115,-12.065271
R-IO66,LA 50,R-IO66_IDA_S42,,BELLAVISTA,42,IDA,-77.128815,-12.061908
R-IO66,LA 50,R-IO66_IDA_S43,,SALOM,43,IDA,-77.139488,-12.061563
R-IO66,LA 50,R-IO66_IDA_S44,,JR COLON,44,IDA,-77.142704,-12.062078
R-IO66,LA 50,R-IO66_IDA_S45,,OBELISCO,45,IDA,-77.134723,-12.051764
R-IO66,LA 50,R-IO66_IDA_S46,,CENTENARIO,46,IDA,-77.126648,-12.051031
R-IO66,LA 50,R-IO66_IDA_S47,,MINKA,47,IDA,-77.111802,-12.049684
R-IO66,LA 50,R-IO66_RETORNO_S1,,MINKA,1,RETORNO,-77.11184,-12.049584
R-IO66,LA 50,R-IO66_RETORNO_S2,,UNIVERSIDAD CESAR VALLEJO,2,RETORNO,-77.124064,-12.050689
R-IO66,LA 50,R-IO66_RETORNO_S3,,OVALO CENTENARIO,3,RETORNO,-77.127744,-12.050888
R-IO66,LA 50,R-IO66_RETORNO_S4,,OBELISCO,4,RETORNO,-77.135197,-12.05158
R-IO66,LA 50,R-IO66_RETORNO_S5,,SAENZ PEÑA,5,RETORNO,-77.143119,-12.060879
R-IO66,LA 50,R-IO66_RETORNO_S6,,SALOM,6,RETORNO,-77.139418,-12.062727
R-IO66,LA 50,R-IO66_RETORNO_S7,,VILLAR,7,RETORNO,-77.136967,-12.062088
R-IO66,LA 50,R-IO66_RETORNO_S8,,BELLAVISTA(PANADERIA),8,RETORNO,-77.129368,-12.062742
R-IO66,LA 50,R-IO66_RETORNO_S9,,SABOGAL,9,RETORNO,-77.122599,-12.065223
R-IO66,LA 50,R-IO66_RETORNO_S10,,OVALO LA PERLA,10,RETORNO,-77.118013,-12.065234
R-IO66,LA 50,R-IO66_RETORNO_S11,,TECHI,11,RETORNO,-77.111132,-12.064039
R-IO66,LA 50,R-IO66_RETORNO_S12,,POSTE BLANCO,12,RETORNO,-77.103822,-12.063339
R-IO66,LA 50,R-IO66_RETORNO_S13,,FAUCETT,13,RETORNO,-77.096242,-12.062427
R-IO66,LA 50,R-IO66_RETORNO_S14,,SAN MARCOS,14,RETORNO,-77.085824,-12.061383
R-IO66,LA 50,R-IO66_RETORNO_S15,,UNIVERSITARIA,15,RETORNO,-77.079734,-12.060541
R-IO66,LA 50,R-IO66_RETORNO_S16,,DONOFRIO,16,RETORNO,-77.068295,-12.057912
R-IO66,LA 50,R-IO66_RETORNO_S17,,TINGO MARIA,17,RETORNO,-77.057782,-12.055852
R-IO66,LA 50,R-IO66_RETORNO_S18,,NAPO,18,RETORNO,-77.052426,-12.057055
R-IO66,LA 50,R-IO66_RETORNO_S19,,ALFONSO UGARTE,19,RETORNO,-77.042106,-12.056277
R-IO66,LA 50,R-IO66_RETORNO_S20,,BOLOGNESI,20,RETORNO,-77.041699,-12.059674
R-IO66,LA 50,R-IO66_RETORNO_S21,,COLON WILSON,21,RETORNO,-77.036765,-12.060019
R-IO66,LA 50,R-IO66_RETORNO_S22,,ABANCAY,22,RETORNO,-77.030053,-12.059169
R-IO66,LA 50,R-IO66_RETORNO_S23,,ANDAHUAYLAS,23,RETORNO,-77.026501,-12.058696
R-IO66,LA 50,R-IO66_RETORNO_S24,,AVIACION,24,RETORNO,-77.014972,-12.056827
R-IO66,LA 50,R-IO66_RETORNO_S25,,ESTACIÓN GRAU,25,RETORNO,-77.01365,-12.055446
R-IO66,LA 50,R-IO66_RETORNO_S26,,DESAGUADERO,26,RETORNO,-77.012842,-12.05005
R-IO66,LA 50,R-IO66_RETORNO_S27,,ANCASH,27,RETORNO,-77.012337,-12.045242
R-IO66,LA 50,R-IO66_RETORNO_S28,,CEMENTERIO EL ANGEL,28,RETORNO,-77.00538,-12.041976
R-IO66,LA 50,R-IO66_RETORNO_S29,,OVALO LA PAZ,29,RETORNO,-76.998361,-12.04052
R-IO66,LA 50,R-IO66_RETORNO_S30,,1ERO DE MAYO,30,RETORNO,-76.999236,-12.031108
R-IO66,LA 50,R-IO66_RETORNO_S31,,CAJAMARQUILLA,31,RETORNO,-77.000822,-12.023095
R-IO66,LA 50,R-IO66_RETORNO_S32,,LAS AGUILAS,32,RETORNO,-76.996988,-12.014951
R-IO66,LA 50,R-IO66_RETORNO_S33,,LAS PLATAS ROJAS,33,RETORNO,-76.997221,-12.007375
R-IO66,LA 50,R-IO66_RETORNO_S34,,JARDINES,34,RETORNO,-76.998832,-12.002955
R-IO66,LA 50,R-IO66_RETORNO_S35,,MERCADO VENCEDORES,35,RETORNO,-77.000396,-11.99856
R-IO66,LA 50,R-IO66_RETORNO_S36,,PENAL,36,RETORNO,-76.999197,-11.989861
R-IO66,LA 50,R-IO66_RETORNO_S37,,SUNAT,37,RETORNO,-76.992938,-11.982592
R-IO66,LA 50,R-IO66_RETORNO_S38,,SAN MARTIN,38,RETORNO,-76.991843,-11.979331
R-IO66,LA 50,R-IO66_RETORNO_S39,,CENTRAL,39,RETORNO,-76.992213,-11.971291
R-IO66,LA 50,R-IO66_RETORNO_S40,,BAYOBAR,40,RETORNO,-76.984163,-11.960922
R-IO66,LA 50,R-IO66_RETORNO_S41,,MERCADO 1 DE SETIEMBRE,41,RETORNO,-76.983815,-11.960485
R-IO66,LA 50,R-IO66_RETORNO_S42,,CANTERAS,42,RETORNO,-76.983648,-11.95836
R-IO66,LA 50,R-IO66_RETORNO_S43,,CURVA DE LA CENTRAL,43,RETORNO,-76.9822,-11.955983
R-IO66,LA 50,R-IO66_RETORNO_S44,,5 DE MARISCAL,44,RETORNO,-76.98084,-11.950655
R-IO66,LA 50,R-IO66_RETORNO_S45,,7 DE MARISCAL,45,RETORNO,-76.977967,-11.946507
R-IO66,LA 50,R-IO66_RETORNO_S46,,4 DE MOTUPE,46,RETORNO,-76.974356,-11.941329
R-IO66,LA 50,R-IO66_RETORNO_S47,,POSTA DE MONTENEGRO,47,RETORNO,-76.971192,-11.936975
R-IO66,LA 50,R-IO66_RETORNO_S48,,JICAMARCA,48,RETORNO,-76.969623,-11.93469
R-1702,NUEVA AMERICA,MERCADO,MERCADO,Pdro. Mercado,2,,-77.002523,-11.8513
R-1702,NUEVA AMERICA,3,3,Pdro. Parque el Rey,3,,-77.003287,-11.853206
R-1702,NUEVA AMERICA,4,4,Pdro. Entrada,4,,-77.003586,-11.85433
R-1702,NUEVA AMERICA,5,5,Pdro. Chimpum Callao,5,,-77.003905,-11.85597
R-1702,NUEVA AMERICA,6,6,Pdro. Entrada Huacoy,6,,-77.004299,-11.857917
R-1702,NUEVA AMERICA,7,7,Pdro. Gran Cambio,7,,-77.004783,-11.858703
R-1702,NUEVA AMERICA,8,8,Pdro. San Antonio,8,,-77.006387,-11.860478
R-1702,NUEVA AMERICA,9,9,Pdro. Grifo Rosbell,9,,-77.007996,-11.863342
R-1702,NUEVA AMERICA,10,10,Pdro. Huascarán,10,,-77.008692,-11.864096
R-1702,NUEVA AMERICA,11,11,Pdro. Escalera,11,,-77.010567,-11.865255
R-1702,NUEVA AMERICA,12,12,Pdro. 21,12,,-77.013872,-11.870315
R-1702,NUEVA AMERICA,13,13,Pdro. 03,13,,-77.014591,-11.871607
R-1702,NUEVA AMERICA,MPRADO,MPRADO,Pdro. Manuel Prado,14,,-77.01556,-11.873293
R-1702,NUEVA AMERICA,15,15,Pdro. José M Arguedas,15,,-77.016235,-11.874475
R-1702,NUEVA AMERICA,16,16,Pdro. Posta Médica,16,,-77.016793,-11.875527
R-1702,NUEVA AMERICA,17,17,Pdro. Pro Empresa,17,,-77.017249,-11.876565
R-1702,NUEVA AMERICA,18,18,Pdro. La Cumbre,18,,-77.018215,-11.878106
R-1702,NUEVA AMERICA,19,19,Pdro. 19,19,,-77.021314,-11.880584
R-1702,NUEVA AMERICA,20,20,Pdro. Chaperito,20,,-77.023336,-11.881764
R-1702,NUEVA AMERICA,21,21,Pdro. Cedros,21,,-77.023829,-11.883052
R-1702,NUEVA AMERICA,22,22,Pdro. Chifa,22,,-77.023733,-11.887281
R-1702,NUEVA AMERICA,23,23,Pdro. Merino Reyna,23,,-77.026844,-11.890203
R-1702,NUEVA AMERICA,24,24,Pdro. Entrada Hacienda,24,,-77.028685,-11.893082
R-1702,NUEVA AMERICA,25,25,Pdro. Pollo Machi,25,,-77.029779,-11.896568
R-1702,NUEVA AMERICA,26,26,Pdro. 1ra escalera La Flor,26,,-77.030124,-11.897853
R-1702,NUEVA AMERICA,27,27,Pdro. Casablanca,27,,-77.030306,-11.898593
R-1702,NUEVA AMERICA,28,28,Pdro. Juan Pablo,28,,-77.030648,-11.900975
R-1702,NUEVA AMERICA,ESTABLO,ESTABLO,Pdro. Establo,29,,-77.030752,-11.903618
R-1702,NUEVA AMERICA,STAISABEL,STAISABEL,Pdro. Ent. Santa Isabel,30,,-77.031359,-11.905086
R-1702,NUEVA AMERICA,31,31,Pdro. Ent. San Felipe,31,,-77.034097,-11.908227
R-1702,NUEVA AMERICA,32,32,Pdro. San Carlos,32,,-77.037812,-11.910146
R-1702,NUEVA AMERICA,33,33,Pdro. Hosp. Collique,33,,-77.039753,-11.913706
R-1702,NUEVA AMERICA,34,34,Pdro. Entrada Collique,34,,-77.040882,-11.915856
R-1702,NUEVA AMERICA,35,35,Pdro. Grifo Año Nuevo,35,,-77.041981,-11.920417
R-1702,NUEVA AMERICA,36,36,Pdro. Velasco,36,,-77.042617,-11.924585
R-1702,NUEVA AMERICA,37,37,Pdro. Jamaica,37,,-77.043901,-11.929539
R-1702,NUEVA AMERICA,38,38,Pdro. METRO Comas,38,,-77.045157,-11.931724
R-1702,NUEVA AMERICA,PVEAPAS,PVEAPAS,Pdro. Plaza Vea La Pascana,39,,-77.046157,-11.932892
R-1702,NUEVA AMERICA,40,40,Pdro. Mdo. Chacra Cerro,40,,-77.048908,-11.936658
R-1702,NUEVA AMERICA,41,41,Pdro. Belaunde,41,,-77.050394,-11.94035
R-1702,NUEVA AMERICA,42,42,Pdro. Banco de la Nacion,42,,-77.050418,-11.945302
R-1702,NUEVA AMERICA,43,43,Pdro. RENIEC,43,,-77.049796,-11.947747
R-1702,NUEVA AMERICA,44,44,Pdro. Puno,44,,-77.051398,-11.952496
R-1702,NUEVA AMERICA,45,45,Pdro. España,45,,-77.05253,-11.955751
R-1702,NUEVA AMERICA,47,47,Pdro. Mega 80,47,,-77.054732,-11.962329
R-1702,NUEVA AMERICA,48,48,Pdro. Politecnico,48,,-77.055894,-11.96584
R-1702,NUEVA AMERICA,LAMERCED,LAMERCED,Pdro. La Merced,49,,-77.057623,-11.971027
R-1702,NUEVA AMERICA,LA50,LA50,Pdro. La 50,50,,-77.059436,-11.976164
R-1702,NUEVA AMERICA,51,51,Pdro. Estacion,51,,-77.059476,-11.980347
R-1702,NUEVA AMERICA,52,52,Pdro. Inca Kola,52,,-77.058926,-11.982942
R-1702,NUEVA AMERICA,53,53,Pdro. Izaguirre,53,,-77.057502,-11.988929
R-1702,NUEVA AMERICA,54,54,Pdro. Plaza Vea Izaguirre,54,,-77.062437,-11.989664
R-1702,NUEVA AMERICA,55,55,Pdro. Cruce Panamericana,55,,-77.064445,-11.990898
R-1702,NUEVA AMERICA,56,56,Pdro. MegaPlaza,56,,-77.063755,-11.994452
R-1702,NUEVA AMERICA,57,57,Pdro. SENATI,57,,-77.062881,-11.99848
R-1702,NUEVA AMERICA,ANGEGAMA,ANGEGAMA,Pdro. Angelica Gamarra,58,,-77.06219,-12.003597
R-1702,NUEVA AMERICA,PNORTE,PNORTE,Pdro. Plaza Norte,59,,-77.061896,-12.006897
R-1702,NUEVA AMERICA,60,60,Pdro. Britanico,60,,-77.060239,-12.015497
R-1702,NUEVA AMERICA,61,61,Pdro. 2da Palao,61,,-77.059769,-12.018421
R-1702,NUEVA AMERICA,62,62,Pdro. Grifo Palao,62,,-77.059324,-12.02201
R-1702,NUEVA AMERICA,CAYETANO,CAYETANO,Pdro. Cayetano,63,,-77.058795,-12.026105
R-1702,NUEVA AMERICA,64,64,Pdro. Concejo,64,,-77.056787,-12.03093
R-1702,NUEVA AMERICA,65,65,Pdro. Puente Control,65,,-77.053511,-12.033469
R-1702,NUEVA AMERICA,HOSPLOAYZA,HOSPLOAYZA,Pdro. Hosp. Loayza,67,,-77.042594,-12.050604
R-1702,NUEVA AMERICA,68,68,Pdro. METRO Alf. Ugarte,68,,-77.04228,-12.054059
R-1702,NUEVA AMERICA,69,69,Pdro. Plaza Bolognesi,69,,-77.041809,-12.05951
R-1702,NUEVA AMERICA,70,70,Pdro. Don Bosco,70,,-77.043564,-12.062582
R-1702,NUEVA AMERICA,71,71,Pdro. Hosp. Niño,71,,-77.045582,-12.065026
R-1702,NUEVA AMERICA,72,72,Pdro. Cdra 09 Brasil,72,,-77.048826,-12.068983
R-1702,NUEVA AMERICA,73,73,Pdro. Cdra 12 Brasil,73,,-77.05125,-12.071931
R-1702,NUEVA AMERICA,15BRASIL,15BRASIL,Pdro. Cdra. 15 Brasil,74,,-77.053706,-12.074876
R-1702,NUEVA AMERICA,75,75,Pdro. Cdra. 18 Brasil,75,,-77.056625,-12.078426
R-1702,NUEVA AMERICA,76,76,Pdro. Óvalo Brasil,76,,-77.058217,-12.080362
R-1702,NUEVA AMERICA,77,77,Pdro. Colegio de Jesus,77,,-77.059875,-12.082366
R-1702,NUEVA AMERICA,78,78,Pdro. Hospital de Policia,78,,-77.061427,-12.084254
R-1702,NUEVA AMERICA,79,79,Pdro. Javier Prado,79,,-77.065793,-12.089539
R-1702,NUEVA AMERICA,80,80,Pdro. Botica Venus,80,,-77.069302,-12.093813
R-1702,NUEVA AMERICA,40BRASIL,40BRASIL,Pdro. Cdra. 40 Brasil,81,,-77.071451,-12.096431
R-1702,NUEVA AMERICA,02EJERCITO,02EJERCITO,Pdro. Cdra. 02 Av. Ejercito,82,,-77.070619,-12.09765
R-1702,NUEVA AMERICA,83,83,Pdro. D'Galia,83,,-77.069576,-12.097997
R-1702,NUEVA AMERICA,84,84,Pdro. Hosp. Larco Herrera,84,,-77.066424,-12.099077
R-1702,NUEVA AMERICA,85,85,Pdro. Bajada Marbella,85,,-77.062649,-12.100419
R-1702,NUEVA AMERICA,86,86,Pdro. Juan de Aliaga,86,,-77.061055,-12.101012
R-1702,NUEVA AMERICA,87,87,Pdro. Salaverry,87,,-77.058695,-12.102681
R-1702,NUEVA AMERICA,88,88,Pdro. Orrantia,88,,-77.056742,-12.104797
R-1702,NUEVA AMERICA,89,89,Pdro. Posta,89,,-77.055317,-12.106331
R-1702,NUEVA AMERICA,90,90,Pdro. Mercado,90,,-77.053642,-12.108164
R-1702,NUEVA AMERICA,91,91,Pdro. Toyota,91,,-77.050841,-12.110914
R-1702,NUEVA AMERICA,92,92,Pdro. Santa Natura,92,,-77.047964,-12.11384
R-1702,NUEVA AMERICA,93,93,Pdro. Cdra 06,93,,-77.046513,-12.115291
R-1702,NUEVA AMERICA,94,94,Pdro. Grifo PRIMAX,94,,-77.045125,-12.116706
R-1702,NUEVA AMERICA,95,95,Pdro. Centro America,95,,-77.043167,-12.118719
R-1702,NUEVA AMERICA,96,96,Pdro. Ovalo Pardo,96,,-77.040677,-12.119134
R-1702,NUEVA AMERICA,97,97,Pdro. Comandante Espinar,97,,-77.03725,-12.119175
R-1702,NUEVA AMERICA,98,98,Pdro. Tropicana,98,,-77.034942,-12.119189
R-1702,NUEVA AMERICA,99,99,Pdro. Banco Interbank,99,,-77.033027,-12.119215
R-1702,NUEVA AMERICA,OVMIRAFLOR,OVMIRAFLOR,Pdro. Ovalo Miraflores,100,,-77.029543,-12.11925
R-1702,NUEVA AMERICA,RICPALMA,RICPALMA,Pdro. Ricardo Palma,101,,-77.02628,-12.119242
R-1702,NUEVA AMERICA,102,102,Pdro. Diez Canseco,102,,-77.025291,-12.121949
R-1702,NUEVA AMERICA,103,103,Pdro. Benavides,103,,-77.024497,-12.125074
R-1702,NUEVA AMERICA,104,104,Pdro. CityBank,104,,-77.021227,-12.125876
R-1702,NUEVA AMERICA,105,105,Pdro. Republica de Panama,105,,-77.018293,-12.126338
R-1702,NUEVA AMERICA,106,106,Pdro. Cdra. 18 Benavides,106,,-77.013203,-12.127139
R-1702,NUEVA AMERICA,107,107,Pdro. La Merced,107,,-77.009799,-12.127664
R-1702,NUEVA AMERICA,108,108,Pdro. Cdra. 24 Benavides,108,,-77.007689,-12.127998
R-1702,NUEVA AMERICA,109,109,Pdro. Rancho,109,,-77.005662,-12.128334
R-1702,NUEVA AMERICA,110,110,Pdro. Ovalo Higuereta,110,,-77.001915,-12.128915
R-1702,NUEVA AMERICA,111,111,Pdro. Puente Peatonal,111,,-76.998243,-12.12881
R-1702,NUEVA AMERICA,112,112,Pdro. Banco de la Nacion,112,,-76.996215,-12.128642
R-1702,NUEVA AMERICA,113,113,Pdro. Ayacucho,113,,-76.993141,-12.128396
R-1702,NUEVA AMERICA,114,114,Pdro. Manuel Herrera,114,,-76.992045,-12.128303
R-1702,NUEVA AMERICA,115,115,Pdro. Trigal,115,,-76.987994,-12.127977
R-1702,NUEVA AMERICA,116,116,Pdro. Wong,116,,-76.982774,-12.12957
R-1702,NUEVA AMERICA,UNIRICARDO,UNIRICARDO,Pdro. Univ. Ricardo Palma,117,,-76.979313,-12.13086
R-1702,NUEVA AMERICA,118,118,Pdro. Pasaje,118,,-76.976289,-12.135452
R-1702,NUEVA AMERICA,119,119,Pdro. Cerro Bello,119,,-76.975233,-12.138004
R-1702,NUEVA AMERICA,120,120,Pdro. Mercado,120,,-76.975053,-12.140392
R-1702,NUEVA AMERICA,121,121,Pdro. PEBAL,121,,-76.973174,-12.144443
R-1702,NUEVA AMERICA,122,122,Pdro. Caravel,122,,-76.972304,-12.145396
R-1702,NUEVA AMERICA,123,123,Pdro. Grifo,123,,-76.971272,-12.146561
R-1702,NUEVA AMERICA,124,124,Pdro. Pileta,124,,-76.969856,-12.148148
R-1702,NUEVA AMERICA,125,125,Pdro. 02,125,,-76.96852,-12.147551
R-1702,NUEVA AMERICA,126,126,Pdro. Comisaria,126,,-76.967758,-12.146888
R-1702,NUEVA AMERICA,127,127,Pdro. Parque,127,,-76.966312,-12.14552
R-1702,NUEVA AMERICA,128,128,Pdro. Capilla,128,,-76.965711,-12.144946
R-1702,NUEVA AMERICA,129,129,Pdro. 11,129,,-76.964516,-12.143491
R-1702,NUEVA AMERICA,130,130,Pdro. 12,130,,-76.963972,-12.14225
R-1702,NUEVA AMERICA,131,131,Pdro. 13,131,,-76.963677,-12.141575
R-1702,NUEVA AMERICA,132,132,Pdro. 14,132,,-76.962866,-12.140448
R-1702,NUEVA AMERICA,133,133,Pdro. 15,133,,-76.962534,-12.140059
R-1702,NUEVA AMERICA,134,134,Pdro. 16,134,,-76.96227,-12.139714
R-1702,NUEVA AMERICA,135,135,Pdro. 17 (Gruta),135,,-76.961678,-12.138983
R-1702,NUEVA AMERICA,136,136,Pdro. 18,136,,-76.961064,-12.138222
R-1702,NUEVA AMERICA,137,137,Pdro. 19,137,,-76.960446,-12.137459
R-1702,NUEVA AMERICA,138,138,Pdro. 20,138,,-76.959832,-12.136692
R-1702,NUEVA AMERICA,139,139,Pdro. 24,139,,-76.956766,-12.132856
R-1702,NUEVA AMERICA,140,140,Pdro. Cadena,140,,-76.95598,-12.131934
R-1702,NUEVA AMERICA,141,141,Pdro. Mdo. Arguedas,141,,-76.954852,-12.131446
R-1702,NUEVA AMERICA,142,142,Pdro. Pasaje,142,,-76.95427,-12.130986
R-1702,NUEVA AMERICA,143,143,Pdro. Llanteria,143,,-76.953781,-12.130449
R-1702,NUEVA AMERICA,144,144,Pdro. 03,144,,-76.952943,-12.129032
R-1702,NUEVA AMERICA,145,145,Pdro. 04,145,,-76.95204,-12.127556
R-1702,NUEVA AMERICA,PAMPLONA,PAMPLONA,Terminal Plamplona,146,,-76.950696,-12.125398
R-1702,NUEVA AMERICA,PIPA,PIPA,Prdo.Inicial Pamplona,147,,-76.95076,-12.125331
R-1702,NUEVA AMERICA,148,148,Pdro. 01,148,,-76.95127,-12.126057
R-1702,NUEVA AMERICA,149,149,Pdro. 02,149,,-76.951776,-12.126917
R-1702,NUEVA AMERICA,150,150,Pdro. 03,150,,-76.952077,-12.127512
R-1702,NUEVA AMERICA,151,151,Pdro. 04,151,,-76.953107,-12.129106
R-1702,NUEVA AMERICA,152,152,Pdro. 05,152,,-76.953826,-12.130412
R-1702,NUEVA AMERICA,153,153,Pdro. 06,153,,-76.954287,-12.13089
R-1702,NUEVA AMERICA,154,154,Pdro. Mdo. Arguedas,154,,-76.954699,-12.131375
R-1702,NUEVA AMERICA,155,155,Pdro. Cadena,155,,-76.955953,-12.131816
R-1702,NUEVA AMERICA,156,156,Pdro. 24 San Juan,156,,-76.956742,-12.132722
R-1702,NUEVA AMERICA,157,157,Pdro. 22 San Juan,157,,-76.958561,-12.134776
R-1702,NUEVA AMERICA,20STJUAN,20STJUAN,Pdro. 20 San Juan,158,,-76.959915,-12.136485
R-1702,NUEVA AMERICA,159,159,Pdro. 19 San Juan,159,,-76.960505,-12.137209
R-1702,NUEVA AMERICA,160,160,Pdro. 18 San Juan,160,,-76.961115,-12.137969
R-1702,NUEVA AMERICA,161,161,Pdro. 17 San Juan,161,,-76.961724,-12.138729
R-1702,NUEVA AMERICA,162,162,Pdro. 16 San Juan,162,,-76.962313,-12.139479
R-1702,NUEVA AMERICA,163,163,Pdro. 14 San Juan,163,,-76.96279,-12.140073
R-1702,NUEVA AMERICA,164,164,Pdro. 13 San Juan,164,,-76.963658,-12.141166
R-1702,NUEVA AMERICA,165,165,Pdro. 11 San Juan,165,,-76.964517,-12.143106
R-1702,NUEVA AMERICA,166,166,Pdro. Capilla,166,,-76.965808,-12.144797
R-1702,NUEVA AMERICA,167,167,Pdro. El Parque,167,,-76.966471,-12.145473
R-1702,NUEVA AMERICA,168,168,Pdro. Comisaria,168,,-76.967734,-12.146659
R-1702,NUEVA AMERICA,02STJUAN,02STJUAN,Pdro. 02 San Juan,169,,-76.96847,-12.147302
R-1702,NUEVA AMERICA,PNUEVA,PNUEVA,Pdro. Pista Nueva,170,,-76.969661,-12.147582
R-1702,NUEVA AMERICA,171,171,Pdro. Av. Central,171,,-76.970633,-12.146512
R-1702,NUEVA AMERICA,172,172,Pdro. Caravel,172,,-76.971679,-12.145346
R-1702,NUEVA AMERICA,173,173,Pdro. PEBAL,173,,-76.972583,-12.144361
R-1702,NUEVA AMERICA,174,174,Pdro. Cerro Bello,174,,-76.975005,-12.138062
R-1702,NUEVA AMERICA,175,175,Pdro. Pasaje,175,,-76.976088,-12.13548
R-1702,NUEVA AMERICA,176,176,Pdro. Pte. Benavides,176,,-76.976598,-12.131352
R-1702,NUEVA AMERICA,CAMINCA,CAMINCA,Pdro. Caminos del Inca,177,,-76.981492,-12.129766
R-1702,NUEVA AMERICA,BATCALLAO,BATCALLAO,Pdro. Batallan Callao,178,,-76.984909,-12.128497
R-1702,NUEVA AMERICA,179,179,Pdro. Velazco Astete,179,,-76.98707,-12.127781
R-1702,NUEVA AMERICA,180,180,Pdro. Grifo Primax,180,,-76.991375,-12.128008
R-1702,NUEVA AMERICA,181,181,Pdro. Banco de la Nacion,181,,-76.995831,-12.128385
R-1702,NUEVA AMERICA,182,182,Pdro. Mercado Eden,182,,-76.997846,-12.12855
R-1702,NUEVA AMERICA,183,183,Pdro. Ov. Higuereta,183,,-77.00026,-12.128723
R-1702,NUEVA AMERICA,184,184,Pdro. Colegio,184,,-77.003625,-12.128425
R-1702,NUEVA AMERICA,185,185,Pdro. La Merced,185,,-77.009176,-12.127573
R-1702,NUEVA AMERICA,186,186,Pdro. Rovegno,186,,-77.012638,-12.127024
R-1702,NUEVA AMERICA,187,187,Pdro. Rep. Panama,187,,-77.01771,-12.126257
R-1702,NUEVA AMERICA,188,188,Pdro. Juan de la Fuente,188,,-77.020816,-12.125739
R-1702,NUEVA AMERICA,REPUBLICA,REPUBLICA,Pdro. Paseo de la Republica,189,,-77.023577,-12.125328
R-1702,NUEVA AMERICA,LAPAZ,LAPAZ,Pdro. La Paz,190,,-77.026725,-12.124851
R-1702,NUEVA AMERICA,191,191,Pdro. Shell,191,,-77.026809,-12.123504
R-1702,NUEVA AMERICA,192,192,Pdro. Diez Canseco,192,,-77.026768,-12.122419
R-1702,NUEVA AMERICA,193,193,Pdro. Cantuarinas,193,,-77.026754,-12.121603
R-1702,NUEVA AMERICA,194,194,Pdro. Esperanza,194,,-77.026726,-12.120587
R-1702,NUEVA AMERICA,195,195,Pdro. Ricardo Palma,195,,-77.026685,-12.119332
R-1702,NUEVA AMERICA,196,196,Pdro. Ovalo Miraflores,196,,-77.028596,-12.11902
R-1702,NUEVA AMERICA,197,197,Pdro. Saga Falabella,197,,-77.030082,-12.119017
R-1702,NUEVA AMERICA,198,198,Pdro. Cuadra 4,198,,-77.032232,-12.118994
R-1702,NUEVA AMERICA,199,199,Pdro. Vivanda,199,,-77.035587,-12.118956
R-1702,NUEVA AMERICA,200,200,Pdro. Ovalo Pardo,200,,-77.039563,-12.118899
R-1702,NUEVA AMERICA,201,201,Pdro. Ovalo Centroamerica,201,,-77.042253,-12.118877
R-1702,NUEVA AMERICA,202,202,Pdro. Cdra. 3,202,,-77.044781,-12.116803
R-1702,NUEVA AMERICA,203,203,Pdro. Cdra. 5,203,,-77.0462,-12.115392
R-1702,NUEVA AMERICA,204,204,Pdro. Cdra. 7,204,,-77.047593,-12.113988
R-1702,NUEVA AMERICA,205,205,Pdro. Cdra. 10,205,,-77.049767,-12.111781
R-1702,NUEVA AMERICA,206,206,Pdro. Toyota,206,,-77.051115,-12.110401
R-1702,NUEVA AMERICA,207,207,Pdro. Posta,207,,-77.054207,-12.107218
R-1702,NUEVA AMERICA,208,208,Pdro. Orrantia,208,,-77.055875,-12.105408
R-1702,NUEVA AMERICA,209,209,Pdro. Salaverry,209,,-77.058033,-12.103096
R-1702,NUEVA AMERICA,210,210,Pdro. Juan de Aliaga,210,,-77.060443,-12.101037
R-1702,NUEVA AMERICA,211,211,Pdro. Hosp. Larco Herrera,211,,-77.065834,-12.09912
R-1702,NUEVA AMERICA,212,212,Pdro. D'Gallia,212,,-77.068253,-12.098315
R-1702,NUEVA AMERICA,PDROGRIFO,PDROGRIFO,Pdro. Grifo,213,,-77.071167,-12.097286
R-1702,NUEVA AMERICA,C40BRASIL,C40BRASIL,Pdro. Cdra. 40 Brasil,214,,-77.070878,-12.095932
R-1702,NUEVA AMERICA,215,215,Pdro. Botica Venus,215,,-77.069519,-12.094286
R-1702,NUEVA AMERICA,216,216,Pdro. Ricardo Rey Basadre,216,,-77.068812,-12.093395
R-1702,NUEVA AMERICA,217,217,Pdro. Javier Prado,217,,-77.066199,-12.090237
R-1702,NUEVA AMERICA,218,218,Pdro. Hosp. Policia,218,,-77.06178,-12.084882
R-1702,NUEVA AMERICA,219,219,Pdro. Colegio de Jesus,219,,-77.060022,-12.082753
R-1702,NUEVA AMERICA,220,220,Pdro. ovalo Brasil,220,,-77.058517,-12.080913
R-1702,NUEVA AMERICA,221,221,Pdro. Cdra. 18,221,,-77.056872,-12.078934
R-1702,NUEVA AMERICA,BOLIVAR,BOLIVAR,Pdro. Bolivar,222,,-77.053931,-12.075368
R-1702,NUEVA AMERICA,223,223,Pdro. Cdra 12,223,,-77.051474,-12.072391
R-1702,NUEVA AMERICA,224,224,Pdro. Cdra. 09,224,,-77.049028,-12.069424
R-1702,NUEVA AMERICA,225,225,Pdro. Hosp. del Niño,225,,-77.045918,-12.065641
R-1702,NUEVA AMERICA,226,226,Pdro. Bolognesi,226,,-77.042024,-12.060931
R-1702,NUEVA AMERICA,227,227,Pdro. España,227,,-77.041491,-12.058497
R-1702,NUEVA AMERICA,228,228,Pdro. Bolivia,228,,-77.041683,-12.056474
R-1702,NUEVA AMERICA,229,229,Pdro. METRO,229,,-77.041832,-12.054737
R-1702,NUEVA AMERICA,HLOAYZA,HLOAYZA,Pdro. Hosp. Loayza,230,,-77.042162,-12.051127
R-1702,NUEVA AMERICA,CAQUETA,CAQUETA,Pdro. Caqueta,231,,-77.04318,-12.036443
R-1702,NUEVA AMERICA,PCONTROL,PCONTROL,Pdro. Puente Control,232,,-77.053372,-12.033251
R-1702,NUEVA AMERICA,HABICH,HABICH,Pdro. Habich,233,,-77.056687,-12.03029
R-1702,NUEVA AMERICA,234,234,Pdro. Hospital,234,,-77.058311,-12.025841
R-1702,NUEVA AMERICA,235,235,Pdro. Grifo,235,,-77.058761,-12.022982
R-1702,NUEVA AMERICA,236,236,Pdro. 2da Palao,236,,-77.059491,-12.018691
R-1702,NUEVA AMERICA,237,237,Pdro. Britanico,237,,-77.059739,-12.016591
R-1702,NUEVA AMERICA,238,238,Pdro. Terminal Fiori,238,,-77.060738,-12.009541
R-1702,NUEVA AMERICA,239,239,Pdro. Plaza Norte,239,,-77.061296,-12.006926
R-1702,NUEVA AMERICA,240,240,Pdro. Pilas,240,,-77.061767,-12.003121
R-1702,NUEVA AMERICA,241,241,Pdro. Pilas,241,,-77.061767,-12.003121
R-1702,NUEVA AMERICA,242,242,Pdro. MegaPlaza,242,,-77.063243,-11.994775
R-1702,NUEVA AMERICA,243,243,Pdro. Izaguirre,243,,-77.063505,-11.99065
R-1702,NUEVA AMERICA,POJUDICIAL,POJUDICIAL,Pdro. Poder Judicial,244,,-77.05995,-11.989547
R-1702,NUEVA AMERICA,GRTUPAC,GRTUPAC,Pdro. Grifo Tupac,245,,-77.057484,-11.989176
R-1702,NUEVA AMERICA,246,246,Pdro. Los Alisos,246,,-77.0582,-11.982743
R-1702,NUEVA AMERICA,247,247,Pdro. Estacion,247,,-77.058787,-11.980498
R-1702,NUEVA AMERICA,248,248,Pdro. La 50,248,,-77.059489,-11.977215
R-1702,NUEVA AMERICA,249,249,Pdro. La Merced,249,,-77.057375,-11.971941
R-1702,NUEVA AMERICA,250,250,Pdro. Politecnico,250,,-77.05601,-11.96646
R-1702,NUEVA AMERICA,251,251,Pdro. Correo,251,,-77.053764,-11.960024
R-1702,NUEVA AMERICA,252,252,Pdro. España,252,,-77.05241,-11.956036
R-1702,NUEVA AMERICA,253,253,Pdro. Puno,253,,-77.051658,-11.953833
R-1702,NUEVA AMERICA,254,254,Pdro. Sta. Rosa,254,,-77.049303,-11.948902
R-1702,NUEVA AMERICA,257,257,Pdro. 04,255,,-76.952021,-12.127546
R-1702,NUEVA AMERICA,260,260,Pdro. Torre Blanca,255,,-77.001188,-11.846733
R-1702,NUEVA AMERICA,255,255,Pdro. RENIEC,255,,-77.049611,-11.947676
R-1702,NUEVA AMERICA,TF140,TF140,"TERMINAL 20A, 140",255,,-77.00366,-11.84988
R-1702,NUEVA AMERICA,256,256,Pdro. 03,255,,-76.952912,-12.128987
R-1702,NUEVA AMERICA,TFTA,TFTA,TERMINAL TUPAC AMARU 84,255,,-76.95015,-12.12474
R-1702,NUEVA AMERICA,255-2,255,Pdro. Llanteria,255,,-76.953735,-12.130423
R-1702,NUEVA AMERICA,258,258,Pdro. Moto Celeste,255,,-77.002424,-11.851558
R-1702,NUEVA AMERICA,259,259,Pdro. Techo Propio,255,,-77.002174,-11.849385
R-1702,NUEVA AMERICA,256-2,256,Pdro. Banco de la Nacion,256,,-77.050186,-11.945463
R-1702,NUEVA AMERICA,BELAUNDE,BELAUNDE,Pdro Belaunde,257,,-77.05026,-11.941278
R-1702,NUEVA AMERICA,258-2,258,Pdro. Mdo. Chacra Cerro,258,,-77.048937,-11.937051
R-1702,NUEVA AMERICA,259-2,259,Pdro. Pascana,259,,-77.04681,-11.933991
R-1702,NUEVA AMERICA,260-2,260,Pdro. Plaza Vea,260,,-77.046151,-11.93319
R-1702,NUEVA AMERICA,261,261,Pdro. METRO,261,,-77.045081,-11.931974
R-1702,NUEVA AMERICA,262,262,Pdro. Jamaica,262,,-77.043914,-11.930047
R-1702,NUEVA AMERICA,263,263,Pdro. Velasco,263,,-77.04247,-11.925175
R-1702,NUEVA AMERICA,264,264,Pdro. Grifo Año Nuevo,264,,-77.041871,-11.920996
R-1702,NUEVA AMERICA,265,265,Pdro. San Juan,265,,-77.041236,-11.917534
R-1702,NUEVA AMERICA,266,266,Pdro. Ent. Collique,266,,-77.04092,-11.916433
R-1702,NUEVA AMERICA,267,267,Pdro. Hospital,267,,-77.039791,-11.914167
R-1702,NUEVA AMERICA,268,268,Pdro. Emergencia,268,,-77.039007,-11.912751
R-1702,NUEVA AMERICA,269,269,Pdro. San Carlos,269,,-77.037636,-11.91025
R-1702,NUEVA AMERICA,270,270,Pdro. Entrada San Felipe,270,,-77.034792,-11.908771
R-1702,NUEVA AMERICA,271,271,Pdro. Sta. Isabel,271,,-77.031341,-11.905521
R-1702,NUEVA AMERICA,272,272,Pdro. Establo,272,,-77.030586,-11.903754
R-1702,NUEVA AMERICA,273,273,Pdro. Grifo Santa Rosa,273,,-77.030443,-11.901584
R-1702,NUEVA AMERICA,274,274,Pdro. Escalera La Polvora,274,,-77.030368,-11.899995
R-1702,NUEVA AMERICA,275,275,Pdro. Chimpu Ocllo,275,,-77.030284,-11.899385
R-1702,NUEVA AMERICA,276,276,Pdro. 1ra Escalera,276,,-77.029563,-11.896593
R-1702,NUEVA AMERICA,277,277,Pdro. 2da Escalera,277,,-77.02923,-11.895444
R-1702,NUEVA AMERICA,278,278,Pdro. Entrada Hacienda,278,,-77.028647,-11.893573
R-1702,NUEVA AMERICA,MEREYNA,MEREYNA,Pdro. Merino Reyna,279,,-77.026981,-11.890708
R-1702,NUEVA AMERICA,280,280,Pdro. Entrada del Parque,280,,-77.025726,-11.889301
R-1702,NUEVA AMERICA,281,281,Pdro. Chifa,281,,-77.023821,-11.887693
R-1702,NUEVA AMERICA,282,282,Pdro. Entrada Villa Esperanza,282,,-77.023286,-11.885291
R-1702,NUEVA AMERICA,283,283,Pdro. Los Cedros,283,,-77.023588,-11.883596
R-1702,NUEVA AMERICA,284,284,Pdro. Chaperito,284,,-77.023301,-11.882066
R-1702,NUEVA AMERICA,285,285,Pdro. Km.19,285,,-77.021635,-11.880936
R-1702,NUEVA AMERICA,286,286,Pdro. Mdo. La Cumbre,286,,-77.018195,-11.878371
R-1702,NUEVA AMERICA,287,287,Pdro. 2da Escalera,287,,-77.017456,-11.877438
R-1702,NUEVA AMERICA,288,288,Pdro. Pro Empresa,288,,-77.017168,-11.87687
R-1702,NUEVA AMERICA,289,289,Pdro. Pollo,289,,-77.016693,-11.87579
R-1702,NUEVA AMERICA,290,290,Pdro. Comisaria,290,,-77.016222,-11.874833
R-1702,NUEVA AMERICA,291,291,Pdro. Manuel Prado,291,,-77.015646,-11.873832
R-1702,NUEVA AMERICA,292,292,Pdro. Leon,292,,-77.013967,-11.870908
R-1702,NUEVA AMERICA,293,293,Pdro. Km. 21,293,,-77.013713,-11.870451
R-1702,NUEVA AMERICA,294,294,Pdro. Los Postes,294,,-77.011486,-11.867098
R-1702,NUEVA AMERICA,295,295,Pdro. Escalera,295,,-77.010573,-11.865367
R-1702,NUEVA AMERICA,296,296,Pdro. Huascaran,296,,-77.008751,-11.86428
R-1702,NUEVA AMERICA,297,297,Pdro. Grifo,297,,-77.007544,-11.862954
R-1702,NUEVA AMERICA,298,298,Pdro. 20,298,,-77.006967,-11.862136
R-1702,NUEVA AMERICA,299,299,Pdro. Entrada San Antonio,299,,-77.006658,-11.861425
R-1702,NUEVA AMERICA,300,300,Pdro. San Antonio,300,,-77.006315,-11.860552
R-1702,NUEVA AMERICA,301,301,Pdro. Gran Cambio,301,,-77.005544,-11.859643
R-1702,NUEVA AMERICA,302,302,Pdro. Entrada Huacoy,302,,-77.004268,-11.85816
R-1702,NUEVA AMERICA,303,303,Pdro. Chimpum Callao,303,,-77.003763,-11.856035
R-1702,NUEVA AMERICA,304,304,Pdro. Entrada,304,,-77.003443,-11.854526
R-1702,NUEVA AMERICA,305,305,Pdro. Parque El Rey,305,,-77.003158,-11.853372
R-1702,NUEVA AMERICA,306,306,Pdro. Moto Roja,306,,-77.002914,-11.852809
R-1702,NUEVA AMERICA,307,307,Pdro. Moto Celeste,307,,-77.002462,-11.851592
R-1702,NUEVA AMERICA,308,308,Pdro. Techo Propio,308,,-77.002194,-11.849419
R-1702,NUEVA AMERICA,TBLANCA,TBLANCA,Pdro. Torre Blanca,309,,-77.001169,-11.846807
R-1702,NUEVA AMERICA,PFA3,PFA3,Prdo.Final o Av.03,310,,-77.000757,-11.845695
R-1802,ETUCHISA-A,A0PAVES,A0PAVES,A0 Paradero V.E.S,1,,-76.91263,-12.234929
R-1802,ETUCHISA-A,A5SEINDU,A5SEINDU,A5 Separadora Ind.,6,,-76.914656,-12.238053
R-1802,ETUCHISA-A,A7POLLESE,A7POLLESE,A7 Pollería Sep,8,,-76.916045,-12.235847
R-1802,ETUCHISA-A,A8CUZCO,A8CUZCO,A8 Cuzco,9,,-76.91693,-12.234358
R-1802,ETUCHISA-A,A9OVCHA,A9OVCHA,A9 Ov. Chama,10,,-76.917586,-12.233251
R-1802,ETUCHISA-A,A10PJEMESE,A10PJEMESE,A10 Pje.Mercado Sep,11,,-76.91886,-12.231117
R-1802,ETUCHISA-A,A11CUBANOS,A11CUBANOS,A11 Cubanos,12,,-76.919917,-12.229351
R-1802,ETUCHISA-A,A12PJESUIZO,A12PJESUIZO,A12 Pje. Suizo,13,,-76.921059,-12.227436
R-1802,ETUCHISA-A,A13200MILL,A13200MILL,A13 200 Millas,14,,-76.922076,-12.225715
R-1802,ETUCHISA-A,A14ENMA,A14ENMA,A14 Enmanuel,15,,-76.923716,-12.222992
R-1802,ETUCHISA-A,A1577,A1577,A15 77,16,,-76.924695,-12.221365
R-1802,ETUCHISA-A,A16FESEPA,A16FESEPA,A16 Ferretería Sep,17,,-76.925577,-12.219875
R-1802,ETUCHISA-A,A17SEMATE,A17SEMATE,A17 Sep c/Mariátegui,18,,-76.926611,-12.218136
R-1802,ETUCHISA-A,A18MARI,A18MARI,A18 Mariátegui,19,,-76.929639,-12.219167
R-1802,ETUCHISA-A,A19MAREUC,A19MAREUC,A19 Mariátegui C/Rev,20,,-76.932133,-12.220635
R-1802,ETUCHISA-A,A203OCTU,A203OCTU,A20 3 de Octubre,21,,-76.933605,-12.218423
R-1802,ETUCHISA-A,A21BOL,A21BOL,A21 Bolívar,22,,-76.935072,-12.215986
R-1802,ETUCHISA-A,A22VALL,A22VALL,A22 Vallejo,23,,-76.936503,-12.213611
R-1802,ETUCHISA-A,A23MUVES,A23MUVES,A23 Muni VES,24,,-76.936809,-12.213077
R-1802,ETUCHISA-A,A2415,A2415,A24 15,25,,-76.938104,-12.210932
R-1802,ETUCHISA-A,A25OVMU,A25OVMU,A25 Ov. de la Mujer,26,,-76.939569,-12.208509
R-1802,ETUCHISA-A,A26VELA,A26VELA,A26 Velazco,27,,-76.939882,-12.207974
R-1802,ETUCHISA-A,A27REVES,A27REVES,A27 Reniec VES,28,,-76.941218,-12.205781
R-1802,ETUCHISA-A,A28AVSOL,A28AVSOL,A28 Villa del Mar,29,,-76.942632,-12.203403
R-1802,ETUCHISA-A,A29AVSOL,A29AVSOL,A29 Av. El Sol,30,,-76.944111,-12.200972
R-1802,ETUCHISA-A,A30ANGELE,A30ANGELE,A30 Los Ángeles,31,,-76.945772,-12.198155
R-1802,ETUCHISA-A,A31PAANDINO,A31PAANDINO,A31 Pacto Andino,32,,-76.947237,-12.195755
R-1802,ETUCHISA-A,A321MAYO,A321MAYO,A32 1ro de Mayo,33,,-76.948548,-12.193544
R-1802,ETUCHISA-A,A33PARA,A33PARA,A33 Paradita,34,,-76.946529,-12.19197
R-1802,ETUCHISA-A,A34TELE,A34TELE,A34 Teléfonos,35,,-76.9441,-12.190554
R-1802,ETUCHISA-A,A35SEDAVILLA,A35SEDAVILLA,A35 Sedapal Villa,36,,-76.945197,-12.187721
R-1802,ETUCHISA-A,A36ENVES,A36ENVES,A36 Entrada Villa,37,,-76.942252,-12.182296
R-1802,ETUCHISA-A,A37REPVMT,A37REPVMT,A37 Real Plaza VMT,38,,-76.942973,-12.18104
R-1802,ETUCHISA-A,A38CUNVAES,A38CUNVAES,A38 Curva Esperanza,39,,-76.94325,-12.180667
R-1802,ETUCHISA-A,A39POALIMVT,A39POALIMVT,A39 Posta Aliaga,40,,-76.944777,-12.178148
R-1802,ETUCHISA-A,A40COCA,A40COCA,A40 Coca Cola,41,,-76.945546,-12.176713
R-1802,ETUCHISA-A,A41ICAR,A41ICAR,A41 Ícaros,42,,-76.946195,-12.175605
R-1802,ETUCHISA-A,A42TREPESQ,A42TREPESQ,A42 30 de pesquero,43,,-76.946802,-12.174686
R-1802,ETUCHISA-A,A43TEPEVMT,A43TEPEVMT,A43 Pesquero,44,,-76.947773,-12.173358
R-1802,ETUCHISA-A,A44ESPES,A44ESPES,A44 Esq.Pesquero,45,,-76.948275,-12.172568
R-1802,ETUCHISA-A,A45PAPESQ,A45PAPESQ,A45 Pdero Pesquero,46,,-76.948567,-12.17203
R-1802,ETUCHISA-A,A46ESTAVMT,A46ESTAVMT,A46 Estación VMT,47,,-76.950634,-12.16838
R-1802,ETUCHISA-A,A47ELEK,A47ELEK,A47 Elektra,48,,-76.951608,-12.166966
R-1802,ETUCHISA-A,A48VILLAJARDIN,A48VILLAJARDIN,A48 Villa Jardin,49,,-76.953819,-12.164054
R-1802,ETUCHISA-A,A49PTEJARDIN,A49PTEJARDIN,A49 Pte. Jardin,50,,-76.955021,-12.162497
R-1802,ETUCHISA-A,A50ESMAAUX,A50ESMAAUX,A50 Estación Ma.Aux,51,,-76.957035,-12.160107
R-1802,ETUCHISA-A,A51HOMAAUX,A51HOMAAUX,A51 Hosp. Ma.Aux,52,,-76.958516,-12.159254
R-1802,ETUCHISA-A,A52PTEBLANCO,A52PTEBLANCO,A52 Pte. Blanco,53,,-76.96135,-12.1581
R-1802,ETUCHISA-A,A53ESSNJ,A53ESSNJ,A53 Estación Sn Juan,54,,-76.9653,-12.156481
R-1802,ETUCHISA-A,A54SESNJ,A54SESNJ,A54 Sedapal Sn Juan,55,,-76.96851,-12.155192
R-1802,ETUCHISA-A,A55CIUD,A55CIUD,A55 Ciudad,56,,-76.971443,-12.153977
R-1802,ETUCHISA-A,A56CUID2,A56CUID2,A56 Ciudad 2,57,,-76.971899,-12.153779
R-1802,ETUCHISA-A,A57POZO,A57POZO,A57 Pozo,58,,-76.975121,-12.152518
R-1802,ETUCHISA-A,A58CISTAR,A58CISTAR,A58 CineStar,59,,-76.976503,-12.151947
R-1802,ETUCHISA-A,A59ESTAATO,A59ESTAATO,A59 Est.Atocongo,60,,-76.979021,-12.150867
R-1802,ETUCHISA-A,A60MEATO,A60MEATO,A60 Metro Atocongo,61,,-76.980377,-12.150291
R-1802,ETUCHISA-A,A61TOTTATO,A61TOTTATO,A61 Tottus Atocongo,62,,-76.981798,-12.14553
R-1802,ETUCHISA-A,A62RIPALMA,A62RIPALMA,A62 Ricardo Palma,63,,-76.979741,-12.135558
R-1802,ETUCHISA-A,A63BENA,A63BENA,A63 Benavides,64,,-76.978123,-12.131358
R-1802,ETUCHISA-A,A64PROS,A64PROS,A64 Prosegur,65,,-76.97685,-12.127784
R-1802,ETUCHISA-A,A65PEDA,A65PEDA,A65 Pedagógico,66,,-76.976912,-12.122656
R-1802,ETUCHISA-A,A66VIVA,A66VIVA,A66 Vivanco,67,,-76.977018,-12.11942
R-1802,ETUCHISA-A,A67PRI1,A67PRI1,A67 Primavera 1,68,,-76.977881,-12.111626
R-1802,ETUCHISA-A,A68PRI2,A68PRI2,A68 Primavera 2,69,,-76.978014,-12.110773
R-1802,ETUCHISA-A,A69PENT,A69PENT,A69 Pentagonito,70,,-76.97912,-12.102834
R-1802,ETUCHISA-A,A70PTCEN,A70PTCEN,A70 Pta. Del Centro,71,,-76.980382,-12.093389
R-1802,ETUCHISA-A,JPRADO,JPRADO,J.Prado,72,,-76.98113,-12.084084
R-1802,ETUCHISA-A,A72JAPAADE,A72JAPAADE,A72 J.Prado2,73,,-76.98045,-12.083455
R-1802,ETUCHISA-A,A73QUECHUAS,A73QUECHUAS,A73 Los Quechuas,74,,-76.974958,-12.076018
R-1802,ETUCHISA-A,A74PALMERAS,A74PALMERAS,A74 Las Palmeras,75,,-76.973998,-12.073805
R-1802,ETUCHISA-A,A75STAROSA,A75STAROSA,A75 Sta. Rosa,76,,-76.971105,-12.065116
R-1802,ETUCHISA-A,A76STROPU,A76STROPU,A76 Sta.Rosa2,77,,-76.971157,-12.064231
R-1802,ETUCHISA-A,A77STAANIA,A77STAANIA,A77 Sta.Anita,78,,-76.972496,-12.059826
R-1802,ETUCHISA-A,A78STAPU,A78STAPU,A78 Sta.Anita2,79,,-76.972873,-12.058996
R-1802,ETUCHISA-A,A79PTPIN,A79PTPIN,A79 Pte. Los Pinos,80,,-76.975028,-12.054097
R-1802,ETUCHISA-A,A80PTEAZUL,A80PTEAZUL,A80 Pte. Azul,81,,-76.977274,-12.050525
R-1802,ETUCHISA-A,A81PERA,A81PERA,A81 Perales,82,,-76.980475,-12.047683
R-1802,ETUCHISA-A,A82LOBA,A82LOBA,A82 Lobaton,83,,-76.982151,-12.046205
R-1802,ETUCHISA-A,A83NOCH,A83NOCH,A83 Nocheto,84,,-76.984634,-12.044015
R-1802,ETUCHISA-A,A84TEKN,A84TEKN,A84 Tekno,85,,-76.98701,-12.041427
R-1802,ETUCHISA-A,A85ATAR,A85ATAR,A85 Atarjea,86,,-76.990095,-12.033557
R-1802,ETUCHISA-A,A86PTEPRIA,A86PTEPRIA,A86 Pte. Priale,87,,-76.994151,-12.029913
R-1802,ETUCHISA-A,A87PTEN1,A87PTEN1,A87 Pte. Nuevo 1,88,,-76.998513,-12.0292
R-1802,ETUCHISA-A,A88PTEN2,A88PTEN2,A88 Pte. Nuevo 2,89,,-76.999369,-12.029472
R-1802,ETUCHISA-A,A89MDFLO,A89MDFLO,A89 Mdo. Las Flores,90,,-77.016784,-12.040223
R-1802,ETUCHISA-A,A90ACATRA,A90ACATRA,A90 Acho atrás,91,,-77.021669,-12.042582
R-1802,ETUCHISA-A,A91ACHPU,A91ACHPU,A91 Acho punta,92,,-77.022499,-12.042855
R-1802,ETUCHISA-A,A92PTETRU,A92PTETRU,A92 Pte. Trujillo,93,,-77.032596,-12.041368
R-1802,ETUCHISA-A,A93CAST,A93CAST,A93 Castilla,94,,-77.03908,-12.037761
R-1802,ETUCHISA-A,A94ANCAQ,A94ANCAQ,A94 antes de Caquetá,95,,-77.042126,-12.036882
R-1802,ETUCHISA-A,A95CAQU,A95CAQU,A95 Caquetá,96,,-77.043578,-12.036352
R-1802,ETUCHISA-A,A96PTECON,A96PTECON,A96 Pte. Control,97,,-77.05328,-12.03327
R-1802,ETUCHISA-A,A97HABI,A97HABI,A97 Habich,98,,-77.056889,-12.030028
R-1802,ETUCHISA-A,A98CAYHERE,A98CAYHERE,A98 Cayetano Heredia,99,,-77.0583,-12.025927
R-1802,ETUCHISA-A,A99GRIFOPA,A99GRIFOPA,A99 Grifo Palao,100,,-77.058723,-12.023162
R-1802,ETUCHISA-A,A1001PALA,A1001PALA,A100 1ra Palao,101,,-77.05945,-12.018972
R-1802,ETUCHISA-A,A1012PALA,A1012PALA,A101 2da Palao,102,,-77.059728,-12.016784
R-1802,ETUCHISA-A,A102BRI,A102BRI,A102 Britanico,103,,-77.060217,-12.014125
R-1802,ETUCHISA-A,A103FIO,A103FIO,A103 Fiori,104,,-77.060874,-12.009222
R-1802,ETUCHISA-A,A104PLANOR,A104PLANOR,A104 Plaza Norte,105,,-77.061299,-12.006999
R-1802,ETUCHISA-A,A105PIL,A105PIL,A105 Pilas,106,,-77.061804,-12.003069
R-1802,ETUCHISA-A,A106SEN,A106SEN,A106 Senati,107,,-77.062622,-11.998792
R-1802,ETUCHISA-A,A107MEG,A107MEG,A107 Megaplaza,108,,-77.063089,-11.994797
R-1802,ETUCHISA-A,A108IZA,A108IZA,A108 Izaguirre,109,,-77.063695,-11.990641
R-1802,ETUCHISA-A,A109PLVEIZA,A109PLVEIZA,A109 PlazaVea Izag,110,,-77.063764,-11.989471
R-1802,ETUCHISA-A,A110PUR,A110PUR,A110 Purina,111,,-77.065183,-11.982362
R-1802,ETUCHISA-A,A111CAS,A111CAS,A111 Caseta,112,,-77.066993,-11.970847
R-1802,ETUCHISA-A,A112VINFANT,A112VINFANT,A112 Villa Infantas,113,,-77.067231,-11.968762
R-1802,ETUCHISA-A,A1133POST,A1133POST,A113 3 Postes,114,,-77.067597,-11.966697
R-1802,ETUCHISA-A,A114VILLASOL,A114VILLASOL,A114 VillaSol,115,,-77.068787,-11.959432
R-1802,ETUCHISA-A,A115YANBAL,A115YANBAL,A115 Yanbal,116,,-77.06915,-11.957078
R-1802,ETUCHISA-A,A116UVALLEJO,A116UVALLEJO,A116 U Vallejo,117,,-77.069495,-11.954872
R-1802,ETUCHISA-A,A117STALUISA,A117STALUISA,A117 Sta. Luisa,118,,-77.069687,-11.953438
R-1802,ETUCHISA-A,A118RPLAP1,A118RPLAP1,A118 RealPlaza Pro 1,119,,-77.071323,-11.940995
R-1802,ETUCHISA-A,A119RPLAP2,A119RPLAP2,A119 RealPlaza Pro 2,120,,-77.071337,-11.940645
R-1802,ETUCHISA-A,A1201PRO,A1201PRO,A120 1ra Pro,121,,-77.072467,-11.937591
R-1802,ETUCHISA-A,A121HONE,A121HONE,A121 Proceres c/Hone,122,,-77.074181,-11.937738
R-1802,ETUCHISA-A,A122PCORRD,A122PCORRD,A122 Proceres c/Cord,123,,-77.077164,-11.938939
R-1802,ETUCHISA-A,A123HONRA,A123HONRA,A123 Honradez,124,,-77.078724,-11.937943
R-1802,ETUCHISA-A,A124GRICHI,A124GRICHI,A124 Grifo Chillón,125,,-77.081583,-11.936361
R-1802,ETUCHISA-A,A125PARCHILL,A125PARCHILL,A125 Pque. Chillón,126,,-77.083975,-11.936237
R-1802,ETUCHISA-A,A126LASPISC,A126LASPISC,A126 Las Piscinas,127,,-77.087472,-11.938009
R-1802,ETUCHISA-A,A127ALB,A127ALB,A127 Alborada,128,,-77.089224,-11.937212
R-1802,ETUCHISA-A,A128FABGAS,A128FABGAS,A128 Fábrica Gas,129,,-77.090193,-11.936556
R-1802,ETUCHISA-A,A129CUR,A129CUR,A129 Curva Ense,130,,-77.092083,-11.936016
R-1802,ETUCHISA-A,A30COEN,A30COEN,A130 comisaría Ense,131,,-77.094083,-11.936361
R-1802,ETUCHISA-A,A131BOT,A131BOT,A131 Botica Ense,132,,-77.095444,-11.935278
R-1802,ETUCHISA-A,A132GRI70,A132GRI70,A132 Grifo 70,133,,-77.0959,-11.934427
R-1802,ETUCHISA-A,A133PAENS,A133PAENS,A133 Paradero Ensenada,134,,-77.096486,-11.935126
R-1802,ETUCHISA-A,B0PAENS,B0PAENS,B0 Paradero Ensenada,135,,-77.096633,-11.93488
R-1802,ETUCHISA-A,B1GRI70,B1GRI70,B1 Grifo 70,136,,-77.095968,-11.934456
R-1802,ETUCHISA-A,B2BOTIC,B2BOTIC,B2 Botica,137,,-77.095747,-11.935126
R-1802,ETUCHISA-A,B3COEN,B3COEN,B3 Comisaría Ense,138,,-77.094311,-11.936339
R-1802,ETUCHISA-A,B4CAUTI,B4CAUTI,B4 Cautivo,139,,-77.093582,-11.936939
R-1802,ETUCHISA-A,B5ROSE,B5ROSE,B5 Rosedal,140,,-77.093001,-11.936643
R-1802,ETUCHISA-A,B6CUR,B6CUR,B6 Curva,141,,-77.09165,-11.93649
R-1802,ETUCHISA-A,B7VIOLE,B7VIOLE,B7 Violetas,142,,-77.090042,-11.936729
R-1802,ETUCHISA-A,B8ALBO,B8ALBO,B8 Alborada,143,,-77.089485,-11.937087
R-1802,ETUCHISA-A,B9PIS,B9PIS,B9 Las Piscinas,144,,-77.087389,-11.938083
R-1802,ETUCHISA-A,B10PACHI,B10PACHI,B10 Pque. Chillón,145,,-77.083874,-11.936343
R-1802,ETUCHISA-A,B11GRCHI,B11GRCHI,B11 Grifo Chillón,146,,-77.081995,-11.936487
R-1802,ETUCHISA-A,B12PMER,B12PMER,B12 Pje.Mcdo. Cord,147,,-77.080239,-11.937147
R-1802,ETUCHISA-A,B13HON,B13HON,B13 Honradez,148,,-77.079085,-11.937947
R-1802,ETUCHISA-A,B14SECOR,B14SECOR,B14 Semáforo Cord,149,,-77.077626,-11.93908
R-1802,ETUCHISA-A,B15PROCO,B15PROCO,B15 Próceres c/Cord,150,,-77.077046,-11.939142
R-1802,ETUCHISA-A,B161PRO,B161PRO,B16 1ra Pro,151,,-77.073125,-11.937864
R-1802,ETUCHISA-A,B17PROSEM,B17PROSEM,B17 1ra Pro semáforo,152,,-77.07229,-11.9378
R-1802,ETUCHISA-A,B18REPRO,B18REPRO,B18 RealPlaza Pro,153,,-77.071769,-11.939209
R-1802,ETUCHISA-A,B19PTMAR,B19PTMAR,B19 Pte. San Martín,154,,-77.070629,-11.949191
R-1802,ETUCHISA-A,B20STALUI,B20STALUI,B20 Sta. Luisa,155,,-77.069982,-11.952929
R-1802,ETUCHISA-A,B21UCV,B21UCV,B21 UCV,156,,-77.069705,-11.954553
R-1802,ETUCHISA-A,B22YANBA,B22YANBA,B22 Yanbal,157,,-77.069353,-11.956778
R-1802,ETUCHISA-A,B23VISOL,B23VISOL,B23 VillaSol,158,,-77.069006,-11.959032
R-1802,ETUCHISA-A,B243POST,B243POST,B24 3 Postes,159,,-77.068062,-11.965514
R-1802,ETUCHISA-A,B25VIINFA,B25VIINFA,B25 Villa Infantas,160,,-77.067496,-11.969353
R-1802,ETUCHISA-A,B26CASE,B26CASE,B26 Caseta,161,,-77.067181,-11.970896
R-1802,ETUCHISA-A,B27PURIN,B27PURIN,B27 Purina,162,,-77.06542,-11.982567
R-1802,ETUCHISA-A,B28IZAG,B28IZAG,B28 Izaguirre,163,,-77.064654,-11.989211
R-1802,ETUCHISA-A,B29MEPLA,B29MEPLA,B29 Megaplaza,164,,-77.063694,-11.994528
R-1802,ETUCHISA-A,B30SENA,B30SENA,B30 Senati,165,,-77.062855,-11.998594
R-1802,ETUCHISA-A,B31PILAS,B31PILAS,B31 Pilas,166,,-77.062217,-12.003609
R-1802,ETUCHISA-A,B32PLANOR,B32PLANOR,B32 Plaza Norte,167,,-77.061952,-12.006408
R-1802,ETUCHISA-A,B33TOVALL,B33TOVALL,B33 Tomás Valle,168,,-77.061705,-12.008054
R-1802,ETUCHISA-A,B34BRITA,B34BRITA,B34 Britanico,169,,-77.060389,-12.014361
R-1802,ETUCHISA-A,B35TRECE,B35TRECE,B35 Trebol Celima,170,,-77.060175,-12.015732
R-1802,ETUCHISA-A,B362PALA,B362PALA,B36 2da Palao,171,,-77.059711,-12.018648
R-1802,ETUCHISA-A,B371PALA,B371PALA,B37 1ra Palao,172,,-77.059306,-12.021944
R-1802,ETUCHISA-A,B38CAHE,B38CAHE,B38 Cayetano Heredia,173,,-77.058825,-12.025858
R-1802,ETUCHISA-A,B39HABI,B39HABI,B39 Habich,174,,-77.05684,-12.03084
R-1802,ETUCHISA-A,B40PCONTR,B40PCONTR,B40 Pte. Control,175,,-77.053646,-12.033392
R-1802,ETUCHISA-A,B41PPORV,B41PPORV,B41 Pte. Porvenir,176,,-77.050625,-12.034653
R-1802,ETUCHISA-A,B42PSTMA,B42PSTMA,B42 Pte. Sta.María,177,,-77.047658,-12.035651
R-1802,ETUCHISA-A,B43CAQUE,B43CAQUE,B43 Caquetá,178,,-77.043727,-12.036738
R-1802,ETUCHISA-A,B44CAPUN,B44CAPUN,B44 Caquetá pnta.,179,,-77.043343,-12.036862
R-1802,ETUCHISA-A,B45CAST,B45CAST,B45 Castilla,180,,-77.039375,-12.037924
R-1802,ETUCHISA-A,B46TRUJI,B46TRUJI,B46 Trujillo,181,,-77.033977,-12.041024
R-1802,ETUCHISA-A,B47ACHO,B47ACHO,B47 Acho,182,,-77.022808,-12.043277
R-1802,ETUCHISA-A,B48APUN,B48APUN,B48 Acho punta,183,,-77.021939,-12.043001
R-1802,ETUCHISA-A,B49MFLOR,B49MFLOR,B49 Mdo. Las Flores,184,,-77.016793,-12.040559
R-1802,ETUCHISA-A,B50PNUE,B50PNUE,B50 Pte. Nuevo,185,,-77.000469,-12.030239
R-1802,ETUCHISA-A,B51ATAR,B51ATAR,B51 Atarjea,186,,-76.990064,-12.034313
R-1802,ETUCHISA-A,B52TEK,B52TEK,B52 Tekno,187,,-76.98683,-12.042371
R-1802,ETUCHISA-A,B53NOC,B53NOC,B53 Nocheto,188,,-76.984808,-12.044334
R-1802,ETUCHISA-A,B54LOB,B54LOB,B54 Lobaton,189,,-76.983056,-12.045873
R-1802,ETUCHISA-A,B55PER,B55PER,B55 Perales,190,,-76.980856,-12.047835
R-1802,ETUCHISA-A,B56PAZU,B56PAZU,B56 Pte. Azul,191,,-76.977671,-12.050625
R-1802,ETUCHISA-A,B57PLPI,B57PLPI,B57 Pte. Los Pinos,192,,-76.975346,-12.054358
R-1802,ETUCHISA-A,B58STANIA,B58STANIA,B58 Sta.Anita atrás,193,,-76.974357,-12.056684
R-1802,ETUCHISA-A,B59STANI,B59STANI,B59 Sta.Anita,194,,-76.974081,-12.057383
R-1802,ETUCHISA-A,B60STARO,B60STARO,B60 Sta. Rosa,195,,-76.971551,-12.063908
R-1802,ETUCHISA-A,B61LPAL,B61LPAL,B61 Las Palmeras,196,,-76.974402,-12.07381
R-1802,ETUCHISA-A,B62LQUEC,B62LQUEC,B62 Los Quechuas,197,,-76.975352,-12.076157
R-1802,ETUCHISA-A,B63JP1,B63JP1,B63 J.Prado ini,198,,-76.979072,-12.081707
R-1802,ETUCHISA-A,B64JP2,B64JP2,B64 J.Prado med,199,,-76.979725,-12.082283
R-1802,ETUCHISA-A,B65JPP,B65JPP,B65 J.Prado pnta,200,,-76.980352,-12.082854
R-1802,ETUCHISA-A,B66PCEN,B66PCEN,B66 Pta. Del Centro,201,,-76.980817,-12.093302
R-1802,ETUCHISA-A,B67PEN,B67PEN,B67 Pentagonito,202,,-76.979416,-12.103061
R-1802,ETUCHISA-A,B68PRI1,B68PRI1,B68 Primavera 1,203,,-76.978747,-12.107905
R-1802,ETUCHISA-A,B69PRI2,B69PRI2,B69 Primavera 2,204,,-76.978645,-12.108763
R-1802,ETUCHISA-A,B70VIVA,B70VIVA,B70 Vivanco,205,,-76.977344,-12.119391
R-1802,ETUCHISA-A,B71PEDA,B71PEDA,B71 Pedagógico,206,,-76.977247,-12.122615
R-1802,ETUCHISA-A,B72PROS,B72PROS,B72 Prosegur,207,,-76.977112,-12.127128
R-1802,ETUCHISA-A,B73BEN0,B73BEN0,B73 Benavides 0,208,,-76.978162,-12.130582
R-1802,ETUCHISA-A,B74BEN,B74BEN,B74 Benavides,209,,-76.978489,-12.131407
R-1802,ETUCHISA-A,B75RIPA,B75RIPA,B75 Ricardo Palma,210,,-76.979761,-12.134696
R-1802,ETUCHISA-A,B76FLOR,B76FLOR,B76 Flores,211,,-76.981272,-12.140854
R-1802,ETUCHISA-A,B77TOATO,B77TOATO,B77 Tottus Atocongo,212,,-76.982109,-12.145556
R-1802,ETUCHISA-A,B78PTAT,B78PTAT,B78 Pte. Atocongo,213,,-76.983402,-12.149574
R-1802,ETUCHISA-A,B79ATO,B79ATO,B79 Atocongo,214,,-76.981013,-12.150519
R-1802,ETUCHISA-A,B80AATP,B80AATP,B80 Estación Atocongo,215,,-76.980152,-12.150904
R-1802,ETUCHISA-A,B81CISTA,B81CISTA,B81 CineStar,216,,-76.976747,-12.152194
R-1802,ETUCHISA-A,B82POZ,B82POZ,B82 Pozo,217,,-76.975467,-12.152748
R-1802,ETUCHISA-A,B83CIU,B83CIU,B83 Ciudad,218,,-76.972249,-12.154084
R-1802,ETUCHISA-A,B84SSNJ,B84SSNJ,B84 Sedapal Sn Juan,219,,-76.96864,-12.155531
R-1802,ETUCHISA-A,B85ESNJ,B85ESNJ,B85 Estación Sn Juan,220,,-76.965674,-12.156742
R-1802,ETUCHISA-A,B86PBLA,B86PBLA,B86 Pte.Blanco,221,,-76.962292,-12.158105
R-1802,ETUCHISA-A,B87MAUXI,B87MAUXI,B87 Ma. Auxiliadora,222,,-76.959099,-12.159378
R-1802,ETUCHISA-A,B88EMAUX,B88EMAUX,B88 Estación Ma.Aux,223,,-76.95736,-12.160202
R-1802,ETUCHISA-A,B89PJAR,B89PJAR,B89 Pte. Jardin,224,,-76.955228,-12.162785
R-1802,ETUCHISA-A,B90VJA,B90VJA,B90 Villa Jardin,225,,-76.954041,-12.164297
R-1802,ETUCHISA-A,B91ELEK,B91ELEK,B91 Elektra,226,,-76.952139,-12.166778
R-1802,ETUCHISA-A,B92EVMT,B92EVMT,B92 Estación VMT,227,,-76.950939,-12.168569
R-1802,ETUCHISA-A,B93PESQ,B93PESQ,B93 Pesquero,228,,-76.9486,-12.172541
R-1802,ETUCHISA-A,B94TPEVMT,B94TPEVMT,B94 Termnal Pquero,229,,-76.948022,-12.173499
R-1802,ETUCHISA-A,B9530PES,B9530PES,B95 30 de Pesquero,230,,-76.947087,-12.17477
R-1802,ETUCHISA-A,B96ICA,B96ICA,B96 Ícaros,231,,-76.946151,-12.176267
R-1802,ETUCHISA-A,B97PVMT,B97PVMT,B97 Posta VMT,232,,-76.945129,-12.177973
R-1802,ETUCHISA-A,B98CNES,B98CNES,B98 Curva Esperanza,233,,-76.943823,-12.180242
R-1802,ETUCHISA-A,B99RPVMT,B99RPVMT,B99 RealPlaza VMT,234,,-76.943543,-12.18072
R-1802,ETUCHISA-A,B100EVES,B100EVES,B100 Entrada V.E.S.,235,,-76.942483,-12.182372
R-1802,ETUCHISA-A,B101SEVI,B101SEVI,B101 Sedapal Villa,236,,-76.945625,-12.187481
R-1802,ETUCHISA-A,B102TEL,B102TEL,B102 Teléfonos,237,,-76.944499,-12.190407
R-1802,ETUCHISA-A,B1031MAY,B1031MAY,B103 1ro. Mayo,238,,-76.946305,-12.191471
R-1802,ETUCHISA-A,B104PARA,B104PARA,B104 Paradita,239,,-76.946306,-12.192028
R-1802,ETUCHISA-A,B105PARR,B105PARR,B105 Parroquia,240,,-76.945583,-12.193228
R-1802,ETUCHISA-A,B106LANG,B106LANG,B106 Los Ángeles,241,,-76.943649,-12.19649
R-1802,ETUCHISA-A,B107AVSOL,B107AVSOL,B107 Av. El Sol,242,,-76.942167,-12.198917
R-1802,ETUCHISA-A,B108BODI,B108BODI,B108 Botica Diana,243,,-76.940472,-12.20175
R-1802,ETUCHISA-A,B109APER,B109APER,B109 Arriba Perú,244,,-76.938996,-12.204179
R-1802,ETUCHISA-A,B110VELA,B110VELA,B110 Velazco,245,,-76.937563,-12.206585
R-1802,ETUCHISA-A,B111CUAV,B111CUAV,B111 Cuaves,246,,-76.937246,-12.207114
R-1802,ETUCHISA-A,B112QUI,B112QUI,B112 Quince,247,,-76.935935,-12.20929
R-1802,ETUCHISA-A,B113VALL,B113VALL,B113 Vallejo,248,,-76.934472,-12.211722
R-1802,ETUCHISA-A,B114MEVA,B114MEVA,B114 Mdo.Vallejo,249,,-76.934178,-12.212197
R-1802,ETUCHISA-A,B115BOL,B115BOL,B115 Bolívar,250,,-76.932889,-12.214389
R-1802,ETUCHISA-A,B1163OC,B1163OC,B116 3 de Octubre,251,,-76.931439,-12.2168
R-1802,ETUCHISA-A,B117MARI,B117MARI,B117 Mariátegui,252,,-76.930012,-12.21918
R-1802,ETUCHISA-A,B118CRSE,B118CRSE,B118 Separadora Ind,253,,-76.927373,-12.218427
R-1802,ETUCHISA-A,B119FESE,B119FESE,B119 Ferretería Sep.,254,,-76.9261,-12.220168
R-1802,ETUCHISA-A,B122200MI,B122200MI,B122 200 Millas,255,,-76.92298,-12.225405
R-1802,ETUCHISA-A,B12077,B12077,B120 77,255,,-76.925068,-12.221891
R-1802,ETUCHISA-A,B121ENMA,B121ENMA,B121 Enmanuel,255,,-76.92427,-12.223244
R-1802,ETUCHISA-A,B124CUB,B124CUB,B124 Cubanos,256,,-76.920556,-12.229417
R-1802,ETUCHISA-A,B123PSUIZ,B123PSUIZ,B123 Pje. Suizo,256,,-76.921644,-12.227634
R-1802,ETUCHISA-A,B125PMERS,B125PMERS,B125 Pje.Mercado Sep,257,,-76.919389,-12.231306
R-1802,ETUCHISA-A,B126OVCHA,B126OVCHA,B126 Ov. Chama,259,,-76.918434,-12.232999
R-1802,ETUCHISA-A,B127CUZCO,B127CUZCO,B127 Cuzco,260,,-76.917472,-12.234583
R-1802,ETUCHISA-A,B128POSEP,B128POSEP,B128 Pollería Sep.,260,,-76.9165,-12.236222
R-1802,ETUCHISA-A,B129BOSEP,B129BOSEP,B129 Botica Sep.,261,,-76.914822,-12.239054
R-1802,ETUCHISA-A,B130R29,B130R29,B130 R29,263,,-76.913835,-12.240423
R-1802,ETUCHISA-A,B131OVCHE,B131OVCHE,B131 Ov. Chepen,264,,-76.912722,-12.240111
R-1802,ETUCHISA-A,B132GRICHE,B132GRICHE,B132 Grifo Chepen,265,,-76.912426,-12.238883
R-1802,ETUCHISA-A,B133CHIVES,B133CHIVES,B133 Los Chinos,265,,-76.911639,-12.235361
R-1802,ETUCHISA-A,B134PAVES,B134PAVES,B134 Paradero V.E.S.,270,,-76.912202,-12.2351
R-1435XS,AERODIRECTO NORTE,R-1435XS_SNone,,Tupac Amaru,,,-77.060559,-11.976654
R-1435XS,AERODIRECTO NORTE,R-1435XS_SNone-2,,Palmeras,,,-77.071849,-11.978341
R-1435XS,AERODIRECTO NORTE,R-1435XS_SNone-3,,Universitaria,,,-77.076326,-11.978058
R-1435XS,AERODIRECTO NORTE,R-1435XS_SNone-4,,Ov. Huandoy,,,-77.082632,-11.976634
R-1435XS,AERODIRECTO NORTE,R-1435XS_SNone-5,,Canta Callao,,,-77.092901,-11.977572
R-1435XS,AERODIRECTO NORTE,R-1435XS_SNone-6,,Los Olivos,,,-77.09943,-11.983422
R-1435XS,AERODIRECTO NORTE,R-1435XS_SNone-7,,Dominicos,,,-77.107031,-11.990242
R-1435XS,AERODIRECTO NORTE,R-1435XS_SNone-8,,Bertello,,,-77.112416,-11.996155
R-1435XS,AERODIRECTO NORTE,R-1435XS_SNone-9,,Aduanas,,,-77.105164,-12.024508
R-1435XS,AERODIRECTO NORTE,R-1435XS_SNone-10,,Monark,,,-77.100766,-12.032718
R-1435XS,AERODIRECTO NORTE,R-1435XS_SNone-11,,Aeropuerto,,,-77.113787,-12.032919
R-1435XS,AERODIRECTO NORTE,R-1435XS_SNone-12,,Aeropuerto - Embarque,,,-77.114861,-12.03304
R-1435XS,AERODIRECTO NORTE,R-1435XS_SNone-13,,Quilca,,,-77.099036,-12.038589
R-1435XS,AERODIRECTO NORTE,R-1435XS_SNone-14,,Aduanas,,,-77.105257,-12.023465
R-1435XS,AERODIRECTO NORTE,R-1435XS_SNone-15,,Bertello,,,-77.112977,-11.997272
R-1435XS,AERODIRECTO NORTE,R-1435XS_SNone-16,,Dominicos,,,-77.10734,-11.991311
R-1435XS,AERODIRECTO NORTE,R-1435XS_SNone-17,,Los Olivos,,,-77.09938,-11.9842
R-1435XS,AERODIRECTO NORTE,R-1435XS_SNone-18,,Ov. Canta Callao,,,-77.088262,-11.974469
R-1435XS,AERODIRECTO NORTE,R-1435XS_SNone-19,,Ov. Huandoy,,,-77.083807,-11.976584
R-1435XS,AERODIRECTO NORTE,R-1435XS_SNone-20,,Universitaria,,,-77.077999,-11.977916
R-1435XS,AERODIRECTO NORTE,R-1435XS_SNone-21,,Palmeras,,,-77.071855,-11.978538
R-1435XS,AERODIRECTO NORTE,R-1435XS_SNone-22,,Tupac Amaru,,,-77.060628,-11.976809
